{
  "project_info": {
    "project_number": "300417652351",
    "project_id": "perpusku-ea852",
    "storage_bucket": "perpusku-ea852.appspot.com"
  },
  "client": [
    {
      "client_info": {
        "mobilesdk_app_id": "1:300417652351:android:3276e2cc197ad03d37114a",
        "android_client_info": {
          "package_name": "com.example.perpusku"
        }
      },
      "oauth_client": [
        {
          "client_id": "300417652351-5m9e022klfb0urspe6ues96o37f3qoja.apps.googleusercontent.com",
          "client_type": 3
        }
      ],
      "api_key": [
        {
          "current_key": "AIzaSyDZALTqIgDV7SVHI23lZzrHRoULO7chT3c"
        }
      ],
      "services": {
        "appinvite_service": {
          "other_platform_oauth_client": [
            {
              "client_id": "300417652351-5m9e022klfb0urspe6ues96o37f3qoja.apps.googleusercontent.com",
              "client_type": 3
            }
          ]
        }
      }
    }
  ],
  "configuration_version": "1"
}